{
  "name": {
    "t": "name"
  },
  "settings": [
    {
      "type": "text",
      "id": "title",
      "label": {
        "t": "settings.title.label"
      },
      "default": {
        "t": "settings.title.default"
      }
    },
    {
      "type": "collection",
      "id": "home_featured_products",
      "label": {
        "t": "settings.home_featured_products.label"
      }
    },
    {
      "type": "select",
      "id": "collection_products_grid",
      "label": {
        "t": "settings.collection_products_grid.label"
      },
      "options": [
        {
          "value": "collage",
          "label": {
            "t": "settings.collection_products_grid.options.collage.label"
          }
        },
        {
          "value": "grid",
          "label": {
            "t": "settings.collection_products_grid.options.grid.label"
          }
        }
      ]
    }
  ],
  "presets": [
    {
      "name": {
        "t": "presets.featured-collection.name"
      },
      "category": {
        "t": "presets.featured-collection.category"
      }
    }
  ],
  "blocks": []
}
