{
  "name": {
    "t": "name"
  },
  "settings": [
    {
      "type": "image_picker",
      "id": "logo",
      "label": {
        "t": "settings.logo.label"
      }
    },
    {
      "type": "range",
      "id": "logo_max_width",
      "label": {
        "t": "settings.logo_max_width.label"
      },
      "min": 50,
      "max": 260,
      "step": 5,
      "unit": "px",
      "default": 180
    },
    {
      "type": "color",
      "id": "header_color",
      "label": {
        "t": "settings.header_color.label"
      },
      "default": "#000000"
    },
    {
      "type": "header",
      "content": {
        "t": "settings.header_transparent_header.content"
      }
    },
    {
      "type": "checkbox",
      "id": "transparent_header_enable",
      "label": {
        "t": "settings.transparent_header_enable.label"
      },
      "info": {
        "t": "settings.transparent_header_enable.info"
      },
      "default": true
    },
    {
      "type": "image_picker",
      "id": "transparent_logo",
      "label": {
        "t": "settings.transparent_logo.label"
      },
      "info": {
        "t": "settings.transparent_logo.info"
      }
    },
    {
      "type": "color",
      "id": "transparent_header_color",
      "label": {
        "t": "settings.transparent_header_color.label"
      },
      "default": "#ffffff"
    },
    {
      "type": "header",
      "content": "Navigation"
    },
    {
      "type": "select",
      "id": "search",
      "options": [
        {
          "value": "modal",
          "label": {
            "t": "settings.search.options.modal.label"
          }
        },
        {
          "value": "page",
          "label": {
            "t": "settings.search.options.page.label"
          }
        },
        {
          "value": "none",
          "label": {
            "t": "settings.search.options.none.label"
          }
        }
      ],
      "label": {
        "t": "settings.search.label"
      }
    },
    {
      "type": "link_list",
      "id": "main_menu_link_list",
      "label": {
        "t": "settings.main_menu_link_list.label"
      },
      "default": "main-menu",
      "info": {
        "t": "settings.main_menu_link_list.info"
      }
    },
    {
      "type": "link_list",
      "id": "drawer_bottom_link_list",
      "label": {
        "t": "settings.drawer_bottom_link_list.label"
      },
      "default": "footer"
    },
    {
      "type": "checkbox",
      "id": "drawer_search_enable",
      "label": {
        "t": "settings.drawer_search_enable.label"
      }
    },
    {
      "type": "header",
      "content": {
        "t": "settings.header-announcement-bar.content"
      }
    },
    {
      "type": "checkbox",
      "id": "show_announcement",
      "label": {
        "t": "settings.show_announcement.label"
      },
      "default": false
    },
    {
      "type": "checkbox",
      "id": "home_page_only",
      "label": {
        "t": "settings.home_page_only.label"
      },
      "default": true
    },
    {
      "type": "text",
      "id": "text",
      "label": {
        "t": "settings.text.label"
      },
      "default": {
        "t": "settings.text.default"
      }
    },
    {
      "type": "url",
      "id": "link",
      "label": {
        "t": "settings.link.label"
      }
    },
    {
      "type": "color",
      "id": "color_bg",
      "label": {
        "t": "settings.color_bg.label"
      },
      "default": "#1c1d1d"
    },
    {
      "type": "color",
      "id": "color_text",
      "label": {
        "t": "settings.color_text.label"
      },
      "default": "#ffffff"
    }
  ]
}
