{
  "name": {
    "t": "name"
  },
  "settings": [
    {
      "type": "text",
      "id": "title",
      "label": {
        "t": "settings.title.label"
      },
      "default": {
        "t": "settings.title.default"
      }
    },
    {
      "id": "blog",
      "type": "blog",
      "label": {
        "t": "settings.blog.label"
      }
    },
    {
      "type": "range",
      "id": "post_limit",
      "label": {
        "t": "settings.post_limit.label"
      },
      "min": 1,
      "max": 3,
      "step": 1,
      "default": 3
    },
    {
      "type": "checkbox",
      "id": "blog_show_date",
      "label": {
        "t": "settings.blog_show_date.label"
      },
      "default": true
    },
    {
      "type": "checkbox",
      "id": "blog_show_author",
      "label": {
        "t": "settings.blog_show_author.label"
      },
      "default": false
    },
    {
      "type": "checkbox",
      "id": "blog_show_image",
      "label": {
        "t": "settings.blog_show_image.label"
      },
      "default": false
    },
    {
      "type": "checkbox",
      "id": "blog_show_excerpt",
      "label": {
        "t": "settings.blog_show_excerpt.label"
      },
      "default": true
    },
    {
      "type": "checkbox",
      "id": "show_view_all",
      "label": {
        "t": "settings.show_view_all.label"
      },
      "default": false
    }
  ],
  "presets": [
    {
      "name": {
        "t": "presets.blog-posts.name"
      },
      "category": {
        "t": "presets.blog-posts.category"
      },
      "settings": {
        "blog": "News"
      }
    }
  ]
}
