{
  "name": {
    "t": "name"
  },
  "class": "index-section index-newsletter-section shopify-section--full-width",
  "settings": [
    {
      "type": "text",
      "id": "heading",
      "label": {
        "t": "settings.heading.label"
      },
      "default": {
        "t": "settings.heading.default"
      }
    },
    {
      "type": "richtext",
      "id": "subheading",
      "label": {
        "t": "settings.subheading.label"
      },
      "default": {
        "t": "settings.subheading.default"
      }
    },
    {
      "type": "paragraph",
      "content": {
        "t": "settings.paragraph.content"
      }
    }
  ],
  "presets": [
    {
      "name": {
        "t": "presets.newsletter-signup.name"
      },
      "category": {
        "t": "presets.newsletter-signup.category"
      }
    }
  ],
  "blocks": []
}
