{
  "name": {
    "t": "name"
  },
  "class": "index-section rich-text-section",
  "settings": [
    {
      "type": "checkbox",
      "id": "home_page_full_width",
      "label": {
        "t": "settings.home_page_full_width.label"
      }
    },
    {
      "type": "text",
      "id": "section_title",
      "label": {
        "t": "settings.section_title.label"
      },
      "default": {
        "t": "settings.section_title.default"
      }
    },
    {
      "type": "richtext",
      "id": "text",
      "label": {
        "t": "settings.text.label"
      },
      "default": {
        "t": "settings.text.default"
      }
    },
    {
      "type": "select",
      "id": "text_size",
      "label": {
        "t": "settings.text_size.label"
      },
      "default": "medium",
      "options": [
        {
          "label": {
            "t": "settings.text_size.options.small.label"
          },
          "value": "small"
        },
        {
          "label": {
            "t": "settings.text_size.options.medium.label"
          },
          "value": "medium"
        },
        {
          "label": {
            "t": "settings.text_size.options.large.label"
          },
          "value": "large"
        }
      ]
    }
  ],
  "presets": [
    {
      "name": {
        "t": "presets.rich-text.name"
      },
      "category": {
        "t": "presets.rich-text.category"
      }
    }
  ]
}
