{
  "name": {
    "t": "name"
  },
  "settings": [
    {
      "type": "checkbox",
      "id": "show_product_recommendations",
      "label": {
        "t": "settings.show_dynamic_recommendations.label"
      },
      "info": {
        "t": "settings.show_dynamic_recommendations.info"
      },
      "default": true
    },
    {
      "type": "text",
      "id": "heading",
      "label": {
        "t": "settings.heading.label"
      },
      "default": {
        "t": "settings.heading.default"
      }
    }
  ]
}
