{
  "name": {
    "t": "name"
  },
  "settings": [
    {
      "type": "image_picker",
      "id": "image",
      "label": {
        "t": "settings.image.label"
      }
    },
    {
      "type": "select",
      "id": "layout",
      "label": {
        "t": "settings.layout.label"
      },
      "default": "left",
      "options": [
        {
          "value": "left",
          "label": {
            "t": "settings.layout.options.left.label"
          }
        },
        {
          "value": "right",
          "label": {
            "t": "settings.layout.options.right.label"
          }
        }
      ]
    },
    {
      "type": "text",
      "id": "title",
      "label": {
        "t": "settings.title.label"
      },
      "default": {
        "t": "settings.title.default"
      }
    },
    {
      "type": "richtext",
      "id": "text",
      "label": {
        "t": "settings.text.label"
      },
      "default": {
        "t": "settings.text.default"
      }
    },
    {
      "type": "text",
      "id": "button_label",
      "label": {
        "t": "settings.button_label.label"
      }
    },
    {
      "type": "url",
      "id": "button_link",
      "label": {
        "t": "settings.button_link.label"
      }
    }
  ],
  "presets": [
    {
      "name": {
        "t": "presets.image-with-text.name"
      },
      "category": {
        "t": "presets.image-with-text.category"
      }
    }
  ]
}
