{
  "name": {
    "t": "name"
  },
  "settings": [
    {
      "type": "product",
      "id": "featured_product",
      "label": {
        "t": "settings.featured_product.label"
      }
    },
    {
      "type": "checkbox",
      "id": "show_variant_labels",
      "label": {
        "t": "settings.show_variant_labels.label"
      },
      "default": true
    },
    {
      "type": "checkbox",
      "id": "show_vendor",
      "label": {
        "t": "settings.show_vendor.label"
      },
      "default": false
    },
    {
      "type": "checkbox",
      "id": "enable_payment_button",
      "label": {
        "t": "settings.enable_payment_button.label"
      },
      "info": {
        "t": "settings.enable_payment_button.info"
      },
      "default": true
    },
    {
      "type": "checkbox",
      "id": "show_share_buttons",
      "label": {
        "t": "settings.show_share_buttons.label"
      },
      "default": true,
      "info": {
        "t": "settings.show_share_buttons.info"
      }
    },
    {
      "type": "header",
      "content": {
        "t": "settings.header-media.content"
      },
      "info": {
        "t": "settings.header-media.info"
      }
    },
    {
      "type": "checkbox",
      "id": "enable_video_looping",
      "label": {
        "t": "settings.enable_video_looping.label"
      },
      "default": false
    }
  ],
  "presets": [
    {
      "name": {
        "t": "presets.featured-product.name"
      },
      "category": {
        "t": "presets.featured-product.category"
      }
    }
  ]
}
