{
  "name": {
    "t": "name"
  },
  "settings": [
    {
      "type": "header",
      "content": {
        "t": "settings.show_payment_icons.header"
      }
    },
    {
      "type": "checkbox",
      "id": "show_payment_icons",
      "label": {
        "t": "settings.show_payment_icons.label"
      },
      "default": true
    },
    {
      "type": "header",
      "content": {
        "t": "settings.selectors.country.header"
      },
      "info": {
        "t": "settings.selectors.country.info"
      }
    },
    {
      "type": "checkbox",
      "id": "show_currency_selector",
      "label": {
        "t": "settings.selectors.country.label"
      },
      "default": true
    },
    {
      "type": "header",
      "content": {
        "t": "settings.selectors.language.header"
      },
      "info": {
        "t": "settings.selectors.language.info"
      }
    },
    {
      "type": "checkbox",
      "id": "show_locale_selector",
      "label": {
        "t": "settings.selectors.language.label"
      },
      "default": true
    },
    {
      "type": "header",
      "content": {
        "t": "settings.footer_link_list.header"
      }
    },
    {
      "type": "link_list",
      "id": "footer_link_list",
      "label": {
        "t": "settings.footer_link_list.label"
      },
      "default": "footer"
    }
  ]
}
