[
  {
    "name": "theme_info",
    "theme_name": "Brooklyn",
    "theme_author": "Shopify",
    "theme_version": "17.7.1",
    "theme_documentation_url": "https://help.shopify.com/manual/using-themes/themes-by-shopify/brooklyn",
    "theme_support_url": "https://support.shopify.com/"
  },
  {
    "name": {
      "t": "colors.name"
    },
    "settings": [
      {
        "type": "header",
        "content": {
          "t": "colors.settings.header-general.content"
        }
      },
      {
        "type": "color",
        "id": "color_body_bg",
        "label": {
          "t": "colors.settings.color_body_bg.label"
        },
        "default": "#ffffff"
      },
      {
        "type": "color",
        "id": "color_headings",
        "label": {
          "t": "colors.settings.color_headings.label"
        },
        "default": "#1f2021"
      },
      {
        "type": "color",
        "id": "color_body_text",
        "label": {
          "t": "colors.settings.color_body_text.label"
        },
        "default": "#1f2021"
      },
      {
        "type": "color",
        "id": "color_borders",
        "label": {
          "t": "colors.settings.color_borders.label"
        },
        "default": "#1f2021"
      },
      {
        "type": "color",
        "id": "color_button_text",
        "label": {
          "t": "colors.settings.color_button_text.label"
        },
        "default": "#ffffff"
      },
      {
        "type": "color",
        "id": "color_primary",
        "label": {
          "t": "colors.settings.color_primary.label"
        },
        "default": "#1f2021"
      },
      {
        "type": "color",
        "id": "color_secondary",
        "label": {
          "t": "colors.settings.color_secondary.label"
        },
        "default": "#a56600"
      },
      {
        "type": "color",
        "id": "color_product_background",
        "label": {
          "t": "colors.settings.color_product_background.label"
        },
        "default": "#f6f6f6"
      },
      {
        "type": "color",
        "id": "color_sale_tag",
        "label": {
          "t": "colors.settings.color_sale_tag.label"
        },
        "default": "#a56600"
      },
      {
        "type": "color",
        "id": "color_input",
        "label": {
          "t": "colors.settings.color_input.label"
        },
        "default": "#f6f6f6"
      },
      {
        "type": "color",
        "id": "color_newsletter",
        "label": {
          "t": "colors.settings.color_newsletter.label"
        },
        "default": "#f6f6f6"
      },
      {
        "type": "header",
        "content": {
          "t": "colors.settings.header-drawers.content"
        }
      },
      {
        "type": "color",
        "id": "color_drawer_background",
        "label": {
          "t": "colors.settings.color_drawer_background.label"
        },
        "default": "#1f2021"
      },
      {
        "type": "color",
        "id": "color_drawer_text",
        "label": {
          "t": "colors.settings.color_drawer_text.label"
        },
        "default": "#ffffff"
      },
      {
        "type": "color",
        "id": "color_drawer_border",
        "label": {
          "t": "colors.settings.color_drawer_border.label"
        },
        "default": "#1f2021"
      },
      {
        "type": "color",
        "id": "color_drawer_button",
        "label": {
          "t": "colors.settings.color_drawer_button.label"
        },
        "default": "#a56600"
      },
      {
        "type": "color",
        "id": "color_drawer_button_text",
        "label": {
          "t": "colors.settings.color_drawer_button_text.label"
        },
        "default": "#ffffff"
      }
    ]
  },
  {
    "name": {
      "t": "typography.name"
    },
    "settings": [
      {
        "type": "header",
        "content": {
          "t": "typography.settings.header-headings.content"
        }
      },
      {
        "type": "font_picker",
        "id": "type_header_family",
        "label": {
          "t": "typography.settings.type_header_family.label"
        },
        "default": "old_standard_tt_n4"
      },
      {
        "type": "select",
        "id": "type_header_base_size",
        "label": {
          "t": "typography.settings.type_header_base_size.label"
        },
        "default": "30px",
        "options": [
          {
            "value": "26px",
            "label": {
              "t": "typography.settings.type_header_base_size.options.26px.label"
            }
          },
          {
            "value": "28px",
            "label": {
              "t": "typography.settings.type_header_base_size.options.28px.label"
            }
          },
          {
            "value": "30px",
            "label": {
              "t": "typography.settings.type_header_base_size.options.30px.label"
            }
          },
          {
            "value": "32px",
            "label": {
              "t": "typography.settings.type_header_base_size.options.32px.label"
            }
          },
          {
            "value": "34px",
            "label": {
              "t": "typography.settings.type_header_base_size.options.34px.label"
            }
          }
        ]
      },
      {
        "type": "select",
        "id": "type_header_border_thickness",
        "label": {
          "t": "typography.settings.type_header_border_thickness.label"
        },
        "options": [
          {
            "value": "1px",
            "label": {
              "t": "typography.settings.type_header_border_thickness.options.1px.label"
            }
          },
          {
            "value": "2px",
            "label": {
              "t": "typography.settings.type_header_border_thickness.options.2px.label"
            }
          },
          {
            "value": "3px",
            "label": {
              "t": "typography.settings.type_header_border_thickness.options.3px.label"
            }
          }
        ]
      },
      {
        "type": "header",
        "content": {
          "t": "typography.settings.header-accent-text.content"
        },
        "info": {
          "t": "typography.settings.header-accent-text.info"
        }
      },
      {
        "type": "font_picker",
        "id": "type_accent_family",
        "label": {
          "t": "typography.settings.type_accent_family.label"
        },
        "default": "montserrat_n6"
      },
      {
        "type": "checkbox",
        "id": "type_accent_transform",
        "label": {
          "t": "typography.settings.type_accent_transform.label"
        },
        "default": true
      },
      {
        "type": "checkbox",
        "id": "type_accent_spacing",
        "label": {
          "t": "typography.settings.type_accent_spacing.label"
        },
        "default": true
      },
      {
        "type": "checkbox",
        "id": "type_accent_subheadings",
        "label": {
          "t": "typography.settings.type_accent_subheadings.label"
        },
        "default": true
      },
      {
        "type": "header",
        "content": {
          "t": "typography.settings.header-body-text.content"
        }
      },
      {
        "type": "font_picker",
        "id": "type_base_family",
        "label": {
          "t": "typography.settings.type_base_family.label"
        },
        "default": "arapey_n4"
      },
      {
        "type": "select",
        "id": "type_base_size",
        "label": {
          "t": "typography.settings.type_base_size.label"
        },
        "default": "16px",
        "options": [
          {
            "value": "14px",
            "label": {
              "t": "typography.settings.type_base_size.options.14px.label"
            }
          },
          {
            "value": "15px",
            "label": {
              "t": "typography.settings.type_base_size.options.15px.label"
            }
          },
          {
            "value": "16px",
            "label": {
              "t": "typography.settings.type_base_size.options.16px.label"
            }
          },
          {
            "value": "17px",
            "label": {
              "t": "typography.settings.type_base_size.options.17px.label"
            }
          }
        ]
      },
      {
        "type": "checkbox",
        "id": "type_base_italize_titles",
        "label": {
          "t": "typography.settings.type_base_italize_titles.label"
        },
        "default": true
      }
    ]
  },
  {
    "name": {
      "t": "cart-page.name"
    },
    "settings": [
      {
        "type": "select",
        "id": "cart_type",
        "options": [
          {
            "value": "page",
            "label": {
              "t": "cart-page.settings.cart_type.options.page.label"
            }
          },
          {
            "value": "drawer",
            "label": {
              "t": "cart-page.settings.cart_type.options.drawer.label"
            }
          }
        ],
        "label": {
          "t": "cart-page.settings.cart_type.label"
        }
      },
      {
        "type": "checkbox",
        "id": "cart_notes_enable",
        "label": {
          "t": "cart-page.settings.cart_notes_enable.label"
        }
      }
    ]
  },
  {
    "name": {
      "t": "social-media.name"
    },
    "settings": [
      {
        "type": "header",
        "content": {
          "t": "social-media.settings.header-accounts.content"
        }
      },
      {
        "type": "text",
        "id": "social_facebook_link",
        "label": {
          "t": "social-media.settings.social_facebook_link.label"
        },
        "info": {
          "t": "social-media.settings.social_facebook_link.info"
        }
      },
      {
        "type": "text",
        "id": "social_twitter_link",
        "label": {
          "t": "social-media.settings.social_twitter_link.label"
        },
        "info": {
          "t": "social-media.settings.social_twitter_link.info"
        }
      },
      {
        "type": "text",
        "id": "social_pinterest_link",
        "label": {
          "t": "social-media.settings.social_pinterest_link.label"
        },
        "info": {
          "t": "social-media.settings.social_pinterest_link.info"
        }
      },
      {
        "type": "text",
        "id": "social_instagram_link",
        "label": {
          "t": "social-media.settings.social_instagram_link.label"
        },
        "info": {
          "t": "social-media.settings.social_instagram_link.info"
        }
      },
      {
        "type": "text",
        "id": "social_snapchat_link",
        "label": {
          "t": "social-media.settings.social_snapchat_link.label"
        },
        "info": {
          "t": "social-media.settings.social_snapchat_link.info"
        }
      },
      {
        "type": "text",
        "id": "social_google_plus_link",
        "label": {
          "t": "social-media.settings.social_google_plus_link.label"
        },
        "info": {
          "t": "social-media.settings.social_google_plus_link.info"
        }
      },
      {
        "type": "text",
        "id": "social_tumblr_link",
        "label": {
          "t": "social-media.settings.social_tumblr_link.label"
        },
        "info": {
          "t": "social-media.settings.social_tumblr_link.info"
        }
      },
      {
        "type": "text",
        "id": "social_youtube_link",
        "label": {
          "t": "social-media.settings.social_youtube_link.label"
        },
        "info": {
          "t": "social-media.settings.social_youtube_link.info"
        }
      },
      {
        "type": "text",
        "id": "social_vimeo_link",
        "label": {
          "t": "social-media.settings.social_vimeo_link.label"
        },
        "info": {
          "t": "social-media.settings.social_vimeo_link.info"
        }
      },
      {
        "type": "text",
        "id": "social_fancy_link",
        "label": {
          "t": "social-media.settings.social_fancy_link.label"
        },
        "info": {
          "t": "social-media.settings.social_fancy_link.info"
        }
      },
      {
        "type": "header",
        "content": {
          "t": "social-media.settings.header-sharing-options.content"
        }
      },
      {
        "type": "checkbox",
        "id": "share_facebook",
        "label": {
          "t": "social-media.settings.share_facebook.label"
        },
        "default": true
      },
      {
        "type": "checkbox",
        "id": "share_twitter",
        "label": {
          "t": "social-media.settings.share_twitter.label"
        },
        "default": true
      },
      {
        "type": "checkbox",
        "id": "share_pinterest",
        "label": {
          "t": "social-media.settings.share_pinterest.label"
        },
        "default": true
      }
    ]
  },
  {
    "name": {
      "t": "favicon.name"
    },
    "settings": [
      {
        "type": "image_picker",
        "id": "favicon",
        "label": {
          "t": "favicon.settings.favicon.label"
        },
        "info": {
          "t": "favicon.settings.favicon.info"
        }
      }
    ]
  }
]