{
  "current": "Classic",
  "presets": {
    "Classic": {
      "checkout_accent_color": "#a26b25",
      "checkout_button_color": "#000000",
      "checkout_error_color": "e32c2b",
      "sections": {
        "header": {
          "type": "header",
          "settings": {
            "show_announcement": true
          }
        },
        "slideshow": {
          "type": "slideshow",
          "blocks": {
            "slideshow-0": {
              "type": "slide"
            },
            "slideshow-1": {
              "type": "slide"
            }
          },
          "block_order": [
            "slideshow-0",
            "slideshow-1"
          ]
        },
        "featured-content": {
          "type": "featured-content",
          "settings": {
            "section_title": "",
            "text_size": "large"
          }
        },
        "featured-collections": {
          "type": "featured-collections",
          "blocks": {
            "featured-collections-0": {
              "type": "collection"
            },
            "featured-collections-1": {
              "type": "collection"
            },
            "featured-collections-2": {
              "type": "collection"
            },
            "featured-collections-3": {
              "type": "collection"
            },
            "featured-collections-4": {
              "type": "collection"
            }
          },
          "block_order": [
            "featured-collections-0",
            "featured-collections-1",
            "featured-collections-2",
            "featured-collections-3",
            "featured-collections-4"
          ]
        },
        "featured-products": {
          "type": "featured-products",
          "settings": {
            "collection_products_grid": "grid"
          }
        },
        "featured-product": {
          "type": "featured-product"
        },
        "newsletter": {
          "type": "newsletter"
        }
      },
      "content_for_index": [
        "slideshow",
        "featured-content",
        "featured-collections",
        "featured-products",
        "featured-product",
        "newsletter"
      ]
    },
    "Playful": {
      "color_body_bg": "#ffffff",
      "color_body_text": "#565656",
      "color_borders": "#5dd2b4",
      "color_button_text": "#ffffff",
      "color_primary": "#7737BD",
      "color_secondary": "#058677",
      "color_product_background": "#fff4f6",
      "color_sale_tag": "#e80970",
      "color_input": "#f6f6f6",
      "color_newsletter": "#bde9f2",
      "color_drawer_background": "#360f5f",
      "color_drawer_text": "#ffffff",
      "color_drawer_border": "#50297a",
      "color_drawer_button": "#7737BD",
      "color_drawer_button_text": "#ffffff",
      "color_headings": "#321863",
      "type_header_family": "quicksand_n7",
      "type_header_base_size": "38px",
      "type_header_border_thickness": "1px",
      "type_accent_family": "roboto_n7",
      "type_accent_transform": true,
      "type_accent_spacing": true,
      "type_accent_subheadings": false,
      "type_base_family": "helvetica_n4",
      "type_base_size": "17px",
      "type_base_italize_titles": false,
      "cart_type": "drawer",
      "cart_notes_enable": true,
      "social_facebook_link": "",
      "social_twitter_link": "",
      "social_pinterest_link": "",
      "social_instagram_link": "",
      "social_snapchat_link": "",
      "social_google_plus_link": "",
      "social_tumblr_link": "",
      "social_youtube_link": "",
      "social_vimeo_link": "",
      "social_fancy_link": "",
      "share_facebook": true,
      "share_twitter": true,
      "share_pinterest": true,
      "favicon": "",
      "checkout_header_image": "",
      "checkout_logo_image": "",
      "checkout_logo_position": "left",
      "checkout_logo_size": "small",
      "checkout_body_background_image": "",
      "checkout_body_background_color": "#ffffff",
      "checkout_input_background_color_mode": "white",
      "checkout_sidebar_background_image": "",
      "checkout_sidebar_background_color": "#fff4f6",
      "checkout_heading_font": "Helvetica Neue",
      "checkout_body_font": "Roboto",
      "checkout_accent_color": "#7737BD",
      "checkout_button_color": "#7737BD",
      "checkout_error_color": "#f01130",
      "checkout_banner_background_color": "#fff",
      "checkout_call_to_action_color": "#a26b25",
      "checkout_use_header_image": false,
      "collection_products_grid": "collage",
      "customer_layout": "customer_area",
      "favicon_enable": false,
      "product_vendor_enable": false,
      "social_sharing_style": "clean",
      "sections": {
        "slideshow": {
          "type": "slideshow",
          "blocks": {
            "1495823280244": {
              "type": "slide",
              "settings": {
                "slide_text_color": "#ffffff",
                "slide_button_label_color": "#003B34",
                "slide_button_background_color": "#84D1B2"
              }
            }
          },
          "block_order": [
            "1495823280244"
          ],
          "settings": {
            "hero_home_auto": false,
            "home_hero_auto_speed": 5
          }
        },
        "featured-products": {
          "type": "featured-products",
          "settings": {
            "home_featured_products": "frontpage",
            "collection_products_grid": "collage"
          }
        },
        "newsletter": {
          "type": "newsletter"
        },
        "drawer-menu": {
          "type": "drawer-menu",
          "settings": {
            "drawer_top_link_list": "main-menu",
            "drawer_bottom_link_list": "footer",
            "drawer_search_enable": false
          }
        },
        "header": {
          "type": "header",
          "settings": {
            "main_menu_link_list": "main-menu",
            "logo_max_width": 260,
            "search": "modal",
            "show_announcement": false,
            "color_bg": "#290c49",
            "color_text": "#ffffff"
          }
        },
        "footer": {
          "type": "footer",
          "settings": {
            "footer_link_list": "footer"
          }
        },
        "collection-template": {
          "type": "collection-template",
          "settings": {
            "collection_products_grid": "grid",
            "collection_tags_enable": false,
            "product_vendor_enable": false
          }
        },
        "1494860348200": {
          "type": "featured-row",
          "settings": {
            "layout": "right"
          }
        },
        "1494894035034": {
          "type": "featured-row",
          "settings": {
            "layout": "left"
          }
        },
        "product-template": {
          "type": "product-template",
          "settings": {
            "product_vendor_enable": false,
            "social_sharing_products": true,
            "enable_image_zoom": false,
            "enable_video_looping": false
          }
        },
        "1496078102297": {
          "type": "advanced-content",
          "blocks": {
            "1496078102297-0": {
              "type": "html",
              "settings": {
                "code": "<div style=\"text-align:center;\"><h1 class=\"h1\">Use HTML to format your text so it can be easily read.</h1>This text can be used to share information about your brand with customers.</div>",
                "width": "100%",
                "alignment": "top-middle"
              }
            }
          },
          "block_order": [
            "1496078102297-0"
          ]
        },
        "1496177901425": {
          "type": "advanced-content",
          "blocks": {
            "1496177901425-0": {
              "type": "html",
              "settings": {
                "code": "<div style=\"width:745px;text-align: center; margin: 0 auto;\">This text can be used to share information about your brand with customers.<\/div>",
                "width": "100%",
                "alignment": "top-middle"
              }
            }
          },
          "block_order": [
            "1496177901425-0"
          ]
        }
      },
      "content_for_index": [
        "slideshow",
        "1496177901425",
        "featured-products",
        "newsletter",
        "1496078102297",
        "1494860348200",
        "1494894035034"
      ]
    }
  }
}
