{
  "name": {
    "t": "name"
  },
  "class": "password-page__main",
  "settings": [
    {
      "type": "text",
      "id": "title",
      "label": {
        "t": "settings.title.label"
      },
      "default": {
        "t": "settings.title.default"
      }
    },
    {
      "type": "header",
      "content": {
        "t": "settings.header-newsletter.content"
      }
    },
    {
      "type": "checkbox",
      "id": "newsletter_enable",
      "label": {
        "t": "settings.newsletter_enable.label"
      },
      "default": true
    },
    {
      "type": "text",
      "id": "newsletter_form_heading",
      "label": {
        "t": "settings.newsletter_form_heading.label"
      },
      "default": {
        "t": "settings.newsletter_form_heading.default"
      },
      "info": {
        "t": "settings.newsletter_form_heading.info"
      }
    },
    {
      "type": "richtext",
      "id": "newsletter_form_subheading",
      "label": {
        "t": "settings.newsletter_form_subheading.label"
      },
      "default": {
        "t": "settings.newsletter_form_subheading.default"
      }
    },
    {
      "type": "text",
      "id": "newsletter_placeholder",
      "label": {
        "t": "settings.newsletter_placeholder.label"
      },
      "default": {
        "t": "settings.newsletter_placeholder.default"
      }
    },
    {
      "type": "text",
      "id": "newsletter_button_text",
      "label": {
        "t": "settings.newsletter_button_text.label"
      },
      "default": {
        "t": "settings.newsletter_button_text.default"
      }
    },
    {
      "type": "header",
      "content": {
        "t": "settings.header-social-sharing.content"
      }
    },
    {
      "type": "checkbox",
      "id": "show_share_buttons",
      "label": {
        "t": "settings.show_share_buttons.label"
      },
      "default": true
    },
    {
      "type": "text",
      "id": "social_message",
      "label": {
        "t": "settings.social_message.label"
      },
      "default": {
        "t": "settings.social_message.default"
      }
    }
  ]
}
