{
  "name": {
    "t": "name"
  },
  "settings": [
    {
      "type": "checkbox",
      "id": "show_collection_image",
      "label": {
        "t": "settings.show_collection_image.label"
      },
      "default": false
    },
    {
      "type": "checkbox",
      "id": "collection_sort_enable",
      "label": {
        "t": "settings.collection_sort_enable.label"
      }
    },
    {
      "type": "checkbox",
      "id": "collection_tags_enable",
      "label": {
        "t": "settings.collection_tags_enable.label"
      }
    },
    {
      "type": "header",
      "content": {
        "t": "settings.header_products.content"
      }
    },
    {
      "type": "select",
      "id": "collection_products_grid",
      "label": {
        "t": "settings.collection_products_grid.label"
      },
      "options": [
        {
          "value": "collage",
          "label": {
            "t": "settings.collection_products_grid.options.collage.label"
          }
        },
        {
          "value": "grid",
          "label": {
            "t": "settings.collection_products_grid.options.grid.label"
          }
        }
      ]
    },
    {
      "type": "checkbox",
      "id": "product_vendor_enable",
      "label": {
        "t": "settings.product_vendor_enable.label"
      }
    }
  ]
}
