{
  "name": {
    "t": "name"
  },
  "settings": [
    {
      "type": "text",
      "id": "heading",
      "label": {
        "t": "settings.heading.label"
      },
      "default": {
        "t": "settings.heading.default"
      }
    },
    {
      "type": "video_url",
      "id": "video_url",
      "label": {
        "t": "settings.video_url.label"
      },
      "accept": [
        "youtube",
        "vimeo"
      ]
    }
  ],
  "presets": [
    {
      "name": {
        "t": "presets.video.name"
      },
      "category": {
        "t": "presets.video.category"
      }
    }
  ]
}
