{
  "name": {
    "t": "name"
  },
  "settings": [
    {
      "type": "paragraph",
      "content": {
        "t": "settings.paragraph.content"
      }
    },
    {
      "type": "radio",
      "id": "display_type",
      "label": {
        "t": "settings.display_type.label"
      },
      "default": "all",
      "options": [
        {
          "value": "all",
          "label": {
            "t": "settings.display_type.options.all.label"
          }
        },
        {
          "value": "selected",
          "label": {
            "t": "settings.display_type.options.selected.label"
          }
        }
      ]
    },
    {
      "type": "select",
      "id": "sort",
      "label": {
        "t": "settings.sort.label"
      },
      "info": {
        "t": "settings.sort.info"
      },
      "default": "alphabetical",
      "options": [
        {
          "value": "products_high",
          "label": {
            "t": "settings.sort.options.products_high.label"
          }
        },
        {
          "value": "products_low",
          "label": {
            "t": "settings.sort.options.products_low.label"
          }
        },
        {
          "value": "alphabetical",
          "label": {
            "t": "settings.sort.options.alphabetical.label"
          }
        },
        {
          "value": "alphabetical_reversed",
          "label": {
            "t": "settings.sort.options.alphabetical_reversed.label"
          }
        },
        {
          "value": "date",
          "label": {
            "t": "settings.sort.options.date.label"
          }
        },
        {
          "value": "date_reversed",
          "label": {
            "t": "settings.sort.options.date_reversed.label"
          }
        }
      ]
    }
  ],
  "blocks": [
    {
      "type": "collection",
      "name": {
        "t": "blocks.collection.name"
      },
      "settings": [
        {
          "label": {
            "t": "blocks.collection.settings.collection.label"
          },
          "id": "collection",
          "type": "collection"
        }
      ]
    }
  ]
}
