{
  "name": {
    "t": "name"
  },
  "class": "index-section index-map-section shopify-section--full-width",
  "settings": [
    {
      "type": "header",
      "content": {
        "t": "settings.header-text.content"
      }
    },
    {
      "id": "heading",
      "type": "text",
      "label": {
        "t": "settings.heading.label"
      },
      "default": {
        "t": "settings.heading.default"
      }
    },
    {
      "id": "address",
      "type": "richtext",
      "label": {
        "t": "settings.address.label"
      },
      "default": {
        "t": "settings.address.default"
      }
    },
    {
      "id": "map_address",
      "type": "text",
      "label": {
        "t": "settings.map_address.label"
      },
      "info": {
        "t": "settings.map_address.info"
      },
      "default": {
        "t": "settings.map_address.default"
      }
    },
    {
      "id": "button_text",
      "type": "text",
      "label": {
        "t": "settings.button_text.label"
      },
      "default": {
        "t": "settings.button_text.default"
      }
    },
    {
      "id": "show_pin",
      "type": "checkbox",
      "label": {
        "t": "settings.show_pin.label"
      },
      "default": true
    },
    {
      "type": "header",
      "content": {
        "t": "settings.header-background.content"
      }
    },
    {
      "id": "api_key",
      "type": "text",
      "label": {
        "t": "settings.api_key.label"
      },
      "info": {
        "t": "settings.api_key.info"
      }
    },
    {
      "type": "image_picker",
      "id": "background_image",
      "label": {
        "t": "settings.background_image.label"
      },
      "info": {
        "t": "settings.background_image.info"
      }
    },
    {
      "type": "select",
      "id": "background_image_position",
      "label": {
        "t": "settings.background_image_position.label"
      },
      "default": "center center",
      "options": [
        {
          "label": {
            "t": "settings.background_image_position.options.top-left.label"
          },
          "value": "top left"
        },
        {
          "label": {
            "t": "settings.background_image_position.options.top-center.label"
          },
          "value": "top center"
        },
        {
          "label": {
            "t": "settings.background_image_position.options.top-right.label"
          },
          "value": "top right"
        },
        {
          "label": {
            "t": "settings.background_image_position.options.center-left.label"
          },
          "value": "center left"
        },
        {
          "label": {
            "t": "settings.background_image_position.options.center-center.label"
          },
          "value": "center center"
        },
        {
          "label": {
            "t": "settings.background_image_position.options.center-right.label"
          },
          "value": "center right"
        },
        {
          "label": {
            "t": "settings.background_image_position.options.bottom-left.label"
          },
          "value": "bottom left"
        },
        {
          "label": {
            "t": "settings.background_image_position.options.bottom-center.label"
          },
          "value": "bottom center"
        },
        {
          "label": {
            "t": "settings.background_image_position.options.bottom-right.label"
          },
          "value": "bottom right"
        }
      ]
    }
  ],
  "presets": [
    {
      "name": {
        "t": "presets.map.name"
      },
      "category": {
        "t": "presets.map.category"
      }
    }
  ]
}
