{
  "name": {
    "t": "name"
  },
  "max_blocks": 9,
  "blocks": [
    {
      "type": "html",
      "name": {
        "t": "blocks.custom-html.name"
      },
      "settings": [
        {
          "type": "html",
          "id": "code",
          "label": {
            "t": "blocks.custom-html.settings.code.label"
          },
          "default": {
            "t": "blocks.custom-html.settings.code.default"
          }
        },
        {
          "type": "select",
          "id": "width",
          "label": {
            "t": "blocks.custom-html.settings.width.label"
          },
          "default": "100%",
          "options": [
            {
              "value": "25%",
              "label": {
                "t": "blocks.custom-html.settings.width.options.25%.label"
              }
            },
            {
              "value": "33%",
              "label": {
                "t": "blocks.custom-html.settings.width.options.33%.label"
              }
            },
            {
              "value": "50%",
              "label": {
                "t": "blocks.custom-html.settings.width.options.50%.label"
              }
            },
            {
              "value": "66%",
              "label": {
                "t": "blocks.custom-html.settings.width.options.66%.label"
              }
            },
            {
              "value": "75%",
              "label": {
                "t": "blocks.custom-html.settings.width.options.75%.label"
              }
            },
            {
              "value": "100%",
              "label": {
                "t": "blocks.custom-html.settings.width.options.100%.label"
              }
            }
          ]
        },
        {
          "type": "select",
          "id": "alignment",
          "label": {
            "t": "blocks.custom-html.settings.alignment.label"
          },
          "default": "top-middle",
          "options": [
            {
              "value": "top-middle",
              "label": {
                "t": "blocks.custom-html.settings.alignment.options.top-middle.label"
              }
            },
            {
              "value": "center",
              "label": {
                "t": "blocks.custom-html.settings.alignment.options.center.label"
              }
            },
            {
              "value": "bottom-middle",
              "label": {
                "t": "blocks.custom-html.settings.alignment.options.bottom-middle.label"
              }
            }
          ]
        }
      ]
    }
  ],
  "presets": [
    {
      "name": {
        "t": "presets.custom-html.name"
      },
      "category": {
        "t": "presets.custom-html.category"
      },
      "blocks": [
        {
          "type": "html"
        }
      ]
    }
  ]
}
