{
  "name": {
    "t": "name"
  },
  "max_blocks": 9,
  "settings": [
    {
      "type": "text",
      "id": "title",
      "label": {
        "t": "settings.title.label"
      },
      "default": {
        "t": "settings.title.default"
      }
    }
  ],
  "presets": [
    {
      "name": {
        "t": "presets.collection-list.name"
      },
      "category": {
        "t": "presets.collection-list.category"
      },
      "blocks": [
        {
          "type": "collection"
        },
        {
          "type": "collection"
        },
        {
          "type": "collection"
        }
      ]
    }
  ],
  "blocks": [
    {
      "type": "collection",
      "name": {
        "t": "blocks.collection.name"
      },
      "settings": [
        {
          "id": "collection",
          "type": "collection",
          "label": {
            "t": "blocks.collection.settings.collection.label"
          }
        }
      ]
    }
  ]
}
